freq_threshold,binarization_threshold,max_dt_depth,composition_strategy,rule_size,mean_offdiag_iou,max_offdiag_iou,summed_root_volume,domain_root_volume,class_root_volumes,val_accuracy,test_accuracy
0.005,0.005,4,greedy_cover,93,0.201277,0.506065,83.933197,7.704167,2.228707;25.305723;56.398767,0.908946,0.811802
0.005,0.005,4,ilp_optimal,94,0.147998,0.442979,88.100519,7.704167,2.295877;29.405875;56.398767,0.904153,0.802233
0.005,0.005,5,greedy_cover,93,0.201277,0.506065,83.933197,7.704167,2.228707;25.305723;56.398767,0.908946,0.811802
0.005,0.005,5,ilp_optimal,94,0.147998,0.442979,88.100519,7.704167,2.295877;29.405875;56.398767,0.904153,0.802233
0.005,0.005,6,greedy_cover,93,0.201277,0.506065,83.933197,7.704167,2.228707;25.305723;56.398767,0.908946,0.811802
0.005,0.005,6,ilp_optimal,94,0.147998,0.442979,88.100519,7.704167,2.295877;29.405875;56.398767,0.904153,0.802233
0.005,0.005,7,greedy_cover,93,0.201277,0.506065,83.933197,7.704167,2.228707;25.305723;56.398767,0.908946,0.811802
0.005,0.005,7,ilp_optimal,94,0.147998,0.442979,88.100519,7.704167,2.295877;29.405875;56.398767,0.904153,0.802233
0.005,0.005,8,greedy_cover,93,0.201277,0.506065,83.933197,7.704167,2.228707;25.305723;56.398767,0.908946,0.811802
0.005,0.005,8,ilp_optimal,94,0.147998,0.442979,88.100519,7.704167,2.295877;29.405875;56.398767,0.904153,0.802233
0.005,0.005,9,greedy_cover,93,0.201277,0.506065,83.933197,7.704167,2.228707;25.305723;56.398767,0.908946,0.811802
0.005,0.005,9,ilp_optimal,94,0.147998,0.442979,88.100519,7.704167,2.295877;29.405875;56.398767,0.904153,0.802233
0.005,0.005,10,greedy_cover,93,0.201277,0.506065,83.933197,7.704167,2.228707;25.305723;56.398767,0.908946,0.811802
0.005,0.005,10,ilp_optimal,94,0.147998,0.442979,88.100519,7.704167,2.295877;29.405875;56.398767,0.904153,0.802233
0.005,0.01,4,greedy_cover,94,0.203597,0.511114,84.247171,7.704167,2.228707;25.748654;56.269810,0.908946,0.814992
0.005,0.01,4,ilp_optimal,94,0.147893,0.441578,87.854945,7.704167,2.564595;29.020539;56.269810,0.904153,0.802233
0.005,0.01,5,greedy_cover,94,0.203597,0.511114,84.247171,7.704167,2.228707;25.748654;56.269810,0.908946,0.814992
0.005,0.01,5,ilp_optimal,94,0.147893,0.441578,87.854945,7.704167,2.564595;29.020539;56.269810,0.904153,0.802233
0.005,0.01,6,greedy_cover,94,0.203597,0.511114,84.247171,7.704167,2.228707;25.748654;56.269810,0.908946,0.814992
0.005,0.01,6,ilp_optimal,94,0.147893,0.441578,87.854945,7.704167,2.564595;29.020539;56.269810,0.904153,0.802233
0.005,0.01,7,greedy_cover,94,0.203597,0.511114,84.247171,7.704167,2.228707;25.748654;56.269810,0.908946,0.814992
0.005,0.01,7,ilp_optimal,94,0.147893,0.441578,87.854945,7.704167,2.564595;29.020539;56.269810,0.904153,0.802233
0.005,0.01,8,greedy_cover,94,0.203597,0.511114,84.247171,7.704167,2.228707;25.748654;56.269810,0.908946,0.814992
0.005,0.01,8,ilp_optimal,94,0.147893,0.441578,87.854945,7.704167,2.564595;29.020539;56.269810,0.904153,0.802233
0.005,0.01,9,greedy_cover,94,0.203597,0.511114,84.247171,7.704167,2.228707;25.748654;56.269810,0.908946,0.814992
0.005,0.01,9,ilp_optimal,94,0.147893,0.441578,87.854945,7.704167,2.564595;29.020539;56.269810,0.904153,0.802233
0.005,0.01,10,greedy_cover,94,0.203597,0.511114,84.247171,7.704167,2.228707;25.748654;56.269810,0.908946,0.814992
0.005,0.01,10,ilp_optimal,94,0.147893,0.441578,87.854945,7.704167,2.564595;29.020539;56.269810,0.904153,0.802233
0.005,0.02,4,greedy_cover,93,0.201399,0.506099,84.001803,7.704167,2.228707;25.374329;56.398767,0.908946,0.811802
0.005,0.02,4,ilp_optimal,94,0.148366,0.443026,88.428957,7.704167,2.555708;29.474481;56.398767,0.904153,0.803828
0.005,0.02,5,greedy_cover,93,0.201399,0.506099,84.001803,7.704167,2.228707;25.374329;56.398767,0.908946,0.811802
0.005,0.02,5,ilp_optimal,94,0.148366,0.443026,88.428957,7.704167,2.555708;29.474481;56.398767,0.904153,0.803828
0.005,0.02,6,greedy_cover,93,0.201399,0.506099,84.001803,7.704167,2.228707;25.374329;56.398767,0.908946,0.811802
0.005,0.02,6,ilp_optimal,94,0.148366,0.443026,88.428957,7.704167,2.555708;29.474481;56.398767,0.904153,0.803828
0.005,0.02,7,greedy_cover,93,0.201399,0.506099,84.001803,7.704167,2.228707;25.374329;56.398767,0.908946,0.811802
0.005,0.02,7,ilp_optimal,94,0.148366,0.443026,88.428957,7.704167,2.555708;29.474481;56.398767,0.904153,0.803828
0.005,0.02,8,greedy_cover,93,0.201399,0.506099,84.001803,7.704167,2.228707;25.374329;56.398767,0.908946,0.811802
0.005,0.02,8,ilp_optimal,94,0.148366,0.443026,88.428957,7.704167,2.555708;29.474481;56.398767,0.904153,0.803828
0.005,0.02,9,greedy_cover,93,0.201399,0.506099,84.001803,7.704167,2.228707;25.374329;56.398767,0.908946,0.811802
0.005,0.02,9,ilp_optimal,94,0.148366,0.443026,88.428957,7.704167,2.555708;29.474481;56.398767,0.904153,0.803828
0.005,0.02,10,greedy_cover,93,0.201399,0.506099,84.001803,7.704167,2.228707;25.374329;56.398767,0.908946,0.811802
0.005,0.02,10,ilp_optimal,94,0.148366,0.443026,88.428957,7.704167,2.555708;29.474481;56.398767,0.904153,0.803828
0.005,0.05,4,greedy_cover,94,0.202629,0.507476,84.827273,7.704167,2.228707;25.762511;56.836054,0.908946,0.813397
0.005,0.05,4,ilp_optimal,94,0.146622,0.437776,88.319626,7.704167,2.555708;28.927863;56.836054,0.904153,0.802233
0.005,0.05,5,greedy_cover,94,0.202629,0.507476,84.827273,7.704167,2.228707;25.762511;56.836054,0.908946,0.813397
0.005,0.05,5,ilp_optimal,94,0.146622,0.437776,88.319626,7.704167,2.555708;28.927863;56.836054,0.904153,0.802233
0.005,0.05,6,greedy_cover,94,0.202629,0.507476,84.827273,7.704167,2.228707;25.762511;56.836054,0.908946,0.813397
0.005,0.05,6,ilp_optimal,94,0.146622,0.437776,88.319626,7.704167,2.555708;28.927863;56.836054,0.904153,0.802233
0.005,0.05,7,greedy_cover,94,0.202629,0.507476,84.827273,7.704167,2.228707;25.762511;56.836054,0.908946,0.813397
0.005,0.05,7,ilp_optimal,94,0.146622,0.437776,88.319626,7.704167,2.555708;28.927863;56.836054,0.904153,0.802233
0.005,0.05,8,greedy_cover,94,0.202629,0.507476,84.827273,7.704167,2.228707;25.762511;56.836054,0.908946,0.813397
0.005,0.05,8,ilp_optimal,94,0.146622,0.437776,88.319626,7.704167,2.555708;28.927863;56.836054,0.904153,0.802233
0.005,0.05,9,greedy_cover,94,0.202629,0.507476,84.827273,7.704167,2.228707;25.762511;56.836054,0.908946,0.813397
0.005,0.05,9,ilp_optimal,94,0.146622,0.437776,88.319626,7.704167,2.555708;28.927863;56.836054,0.904153,0.802233
0.005,0.05,10,greedy_cover,94,0.202629,0.507476,84.827273,7.704167,2.228707;25.762511;56.836054,0.908946,0.813397
0.005,0.05,10,ilp_optimal,94,0.146622,0.437776,88.319626,7.704167,2.555708;28.927863;56.836054,0.904153,0.802233
0.005,0.1,4,greedy_cover,93,0.183748,0.515006,81.503791,7.704167,2.046319;25.454340;54.003131,0.907348,0.808612
0.005,0.1,4,ilp_optimal,89,0.153719,0.459279,68.354794,7.704167,2.555708;28.859257;36.939829,0.912141,0.802233
0.005,0.1,5,greedy_cover,93,0.183748,0.515006,81.503791,7.704167,2.046319;25.454340;54.003131,0.907348,0.808612
0.005,0.1,5,ilp_optimal,89,0.153719,0.459279,68.354794,7.704167,2.555708;28.859257;36.939829,0.912141,0.802233
0.005,0.1,6,greedy_cover,93,0.183748,0.515006,81.503791,7.704167,2.046319;25.454340;54.003131,0.907348,0.808612
0.005,0.1,6,ilp_optimal,89,0.153719,0.459279,68.354794,7.704167,2.555708;28.859257;36.939829,0.912141,0.802233
0.005,0.1,7,greedy_cover,93,0.183748,0.515006,81.503791,7.704167,2.046319;25.454340;54.003131,0.907348,0.808612
0.005,0.1,7,ilp_optimal,89,0.153719,0.459279,68.354794,7.704167,2.555708;28.859257;36.939829,0.912141,0.802233
0.005,0.1,8,greedy_cover,93,0.183748,0.515006,81.503791,7.704167,2.046319;25.454340;54.003131,0.907348,0.808612
0.005,0.1,8,ilp_optimal,89,0.153719,0.459279,68.354794,7.704167,2.555708;28.859257;36.939829,0.912141,0.802233
0.005,0.1,9,greedy_cover,93,0.183748,0.515006,81.503791,7.704167,2.046319;25.454340;54.003131,0.907348,0.808612
0.005,0.1,9,ilp_optimal,89,0.153719,0.459279,68.354794,7.704167,2.555708;28.859257;36.939829,0.912141,0.802233
0.005,0.1,10,greedy_cover,93,0.183748,0.515006,81.503791,7.704167,2.046319;25.454340;54.003131,0.907348,0.808612
0.005,0.1,10,ilp_optimal,89,0.153719,0.459279,68.354794,7.704167,2.555708;28.859257;36.939829,0.912141,0.802233
0.01,0.005,4,greedy_cover,94,0.202437,0.507613,84.301322,7.704167,2.228707;25.438754;56.633861,0.908946,0.814992
0.01,0.005,4,ilp_optimal,94,0.148520,0.444548,88.335613,7.704167,2.295877;29.405875;56.633861,0.904153,0.802233
0.01,0.005,5,greedy_cover,94,0.202437,0.507613,84.301322,7.704167,2.228707;25.438754;56.633861,0.908946,0.814992
0.01,0.005,5,ilp_optimal,94,0.148520,0.444548,88.335613,7.704167,2.295877;29.405875;56.633861,0.904153,0.802233
0.01,0.005,6,greedy_cover,94,0.202437,0.507613,84.301322,7.704167,2.228707;25.438754;56.633861,0.908946,0.814992
0.01,0.005,6,ilp_optimal,94,0.148520,0.444548,88.335613,7.704167,2.295877;29.405875;56.633861,0.904153,0.802233
0.01,0.005,7,greedy_cover,94,0.202437,0.507613,84.301322,7.704167,2.228707;25.438754;56.633861,0.908946,0.814992
0.01,0.005,7,ilp_optimal,94,0.148520,0.444548,88.335613,7.704167,2.295877;29.405875;56.633861,0.904153,0.802233
0.01,0.005,8,greedy_cover,94,0.202437,0.507613,84.301322,7.704167,2.228707;25.438754;56.633861,0.908946,0.814992
0.01,0.005,8,ilp_optimal,94,0.148520,0.444548,88.335613,7.704167,2.295877;29.405875;56.633861,0.904153,0.802233
0.01,0.005,9,greedy_cover,94,0.202437,0.507613,84.301322,7.704167,2.228707;25.438754;56.633861,0.908946,0.814992
0.01,0.005,9,ilp_optimal,94,0.148520,0.444548,88.335613,7.704167,2.295877;29.405875;56.633861,0.904153,0.802233
0.01,0.005,10,greedy_cover,94,0.202437,0.507613,84.301322,7.704167,2.228707;25.438754;56.633861,0.908946,0.814992
0.01,0.005,10,ilp_optimal,94,0.148520,0.444548,88.335613,7.704167,2.295877;29.405875;56.633861,0.904153,0.802233
0.01,0.01,4,greedy_cover,93,0.201397,0.506090,84.124839,7.704167,2.228707;25.522947;56.373185,0.908946,0.810207
0.01,0.01,4,ilp_optimal,94,0.148371,0.443030,88.560879,7.704167,2.564595;29.623099;56.373185,0.904153,0.800638
0.01,0.01,5,greedy_cover,93,0.201397,0.506090,84.124839,7.704167,2.228707;25.522947;56.373185,0.908946,0.810207
0.01,0.01,5,ilp_optimal,94,0.148371,0.443030,88.560879,7.704167,2.564595;29.623099;56.373185,0.904153,0.800638
0.01,0.01,6,greedy_cover,93,0.201397,0.506090,84.124839,7.704167,2.228707;25.522947;56.373185,0.908946,0.810207
0.01,0.01,6,ilp_optimal,94,0.148371,0.443030,88.560879,7.704167,2.564595;29.623099;56.373185,0.904153,0.800638
0.01,0.01,7,greedy_cover,93,0.201397,0.506090,84.124839,7.704167,2.228707;25.522947;56.373185,0.908946,0.810207
0.01,0.01,7,ilp_optimal,94,0.148371,0.443030,88.560879,7.704167,2.564595;29.623099;56.373185,0.904153,0.800638
0.01,0.01,8,greedy_cover,93,0.201397,0.506090,84.124839,7.704167,2.228707;25.522947;56.373185,0.908946,0.810207
0.01,0.01,8,ilp_optimal,94,0.148371,0.443030,88.560879,7.704167,2.564595;29.623099;56.373185,0.904153,0.800638
0.01,0.01,9,greedy_cover,93,0.201397,0.506090,84.124839,7.704167,2.228707;25.522947;56.373185,0.908946,0.810207
0.01,0.01,9,ilp_optimal,94,0.148371,0.443030,88.560879,7.704167,2.564595;29.623099;56.373185,0.904153,0.800638
0.01,0.01,10,greedy_cover,93,0.201397,0.506090,84.124839,7.704167,2.228707;25.522947;56.373185,0.908946,0.810207
0.01,0.01,10,ilp_optimal,94,0.148371,0.443030,88.560879,7.704167,2.564595;29.623099;56.373185,0.904153,0.800638
0.01,0.02,4,greedy_cover,94,0.203663,0.510937,84.308462,7.704167,2.228707;25.706570;56.373185,0.908946,0.813397
0.01,0.02,4,ilp_optimal,94,0.147889,0.441582,87.800815,7.704167,2.555708;28.871922;56.373185,0.904153,0.802233
0.01,0.02,5,greedy_cover,94,0.203663,0.510937,84.308462,7.704167,2.228707;25.706570;56.373185,0.908946,0.813397
0.01,0.02,5,ilp_optimal,94,0.147889,0.441582,87.800815,7.704167,2.555708;28.871922;56.373185,0.904153,0.802233
0.01,0.02,6,greedy_cover,94,0.203663,0.510937,84.308462,7.704167,2.228707;25.706570;56.373185,0.908946,0.813397
0.01,0.02,6,ilp_optimal,94,0.147889,0.441582,87.800815,7.704167,2.555708;28.871922;56.373185,0.904153,0.802233
0.01,0.02,7,greedy_cover,94,0.203663,0.510937,84.308462,7.704167,2.228707;25.706570;56.373185,0.908946,0.813397
0.01,0.02,7,ilp_optimal,94,0.147889,0.441582,87.800815,7.704167,2.555708;28.871922;56.373185,0.904153,0.802233
0.01,0.02,8,greedy_cover,94,0.203663,0.510937,84.308462,7.704167,2.228707;25.706570;56.373185,0.908946,0.813397
0.01,0.02,8,ilp_optimal,94,0.147889,0.441582,87.800815,7.704167,2.555708;28.871922;56.373185,0.904153,0.802233
0.01,0.02,9,greedy_cover,94,0.203663,0.510937,84.308462,7.704167,2.228707;25.706570;56.373185,0.908946,0.813397
0.01,0.02,9,ilp_optimal,94,0.147889,0.441582,87.800815,7.704167,2.555708;28.871922;56.373185,0.904153,0.802233
0.01,0.02,10,greedy_cover,94,0.203663,0.510937,84.308462,7.704167,2.228707;25.706570;56.373185,0.908946,0.813397
0.01,0.02,10,ilp_optimal,94,0.147889,0.441582,87.800815,7.704167,2.555708;28.871922;56.373185,0.904153,0.802233
0.01,0.05,4,greedy_cover,93,0.203796,0.513335,84.490816,7.704167,2.228707;25.467005;56.795104,0.908946,0.813397
0.01,0.05,4,ilp_optimal,94,0.148379,0.443054,88.222734,7.704167,2.555708;28.871922;56.795104,0.904153,0.805423
0.01,0.05,5,greedy_cover,93,0.203796,0.513335,84.490816,7.704167,2.228707;25.467005;56.795104,0.908946,0.813397
0.01,0.05,5,ilp_optimal,94,0.148379,0.443054,88.222734,7.704167,2.555708;28.871922;56.795104,0.904153,0.805423
0.01,0.05,6,greedy_cover,93,0.203796,0.513335,84.490816,7.704167,2.228707;25.467005;56.795104,0.908946,0.813397
0.01,0.05,6,ilp_optimal,94,0.148379,0.443054,88.222734,7.704167,2.555708;28.871922;56.795104,0.904153,0.805423
0.01,0.05,7,greedy_cover,93,0.203796,0.513335,84.490816,7.704167,2.228707;25.467005;56.795104,0.908946,0.813397
0.01,0.05,7,ilp_optimal,94,0.148379,0.443054,88.222734,7.704167,2.555708;28.871922;56.795104,0.904153,0.805423
0.01,0.05,8,greedy_cover,93,0.203796,0.513335,84.490816,7.704167,2.228707;25.467005;56.795104,0.908946,0.813397
0.01,0.05,8,ilp_optimal,94,0.148379,0.443054,88.222734,7.704167,2.555708;28.871922;56.795104,0.904153,0.805423
0.01,0.05,9,greedy_cover,93,0.203796,0.513335,84.490816,7.704167,2.228707;25.467005;56.795104,0.908946,0.813397
0.01,0.05,9,ilp_optimal,94,0.148379,0.443054,88.222734,7.704167,2.555708;28.871922;56.795104,0.904153,0.805423
0.01,0.05,10,greedy_cover,93,0.203796,0.513335,84.490816,7.704167,2.228707;25.467005;56.795104,0.908946,0.813397
0.01,0.05,10,ilp_optimal,94,0.148379,0.443054,88.222734,7.704167,2.555708;28.871922;56.795104,0.904153,0.805423
0.01,0.1,4,greedy_cover,94,0.185185,0.518424,81.275935,7.704167,2.046319;25.748654;53.480961,0.907348,0.805423
0.01,0.1,4,ilp_optimal,89,0.159098,0.475359,70.357269,7.704167,2.555708;29.715774;38.085786,0.912141,0.800638
0.01,0.1,5,greedy_cover,94,0.185185,0.518424,81.275935,7.704167,2.046319;25.748654;53.480961,0.907348,0.805423
0.01,0.1,5,ilp_optimal,89,0.159098,0.475359,70.357269,7.704167,2.555708;29.715774;38.085786,0.912141,0.800638
0.01,0.1,6,greedy_cover,94,0.185185,0.518424,81.275935,7.704167,2.046319;25.748654;53.480961,0.907348,0.805423
0.01,0.1,6,ilp_optimal,89,0.159098,0.475359,70.357269,7.704167,2.555708;29.715774;38.085786,0.912141,0.800638
0.01,0.1,7,greedy_cover,94,0.185185,0.518424,81.275935,7.704167,2.046319;25.748654;53.480961,0.907348,0.805423
0.01,0.1,7,ilp_optimal,89,0.159098,0.475359,70.357269,7.704167,2.555708;29.715774;38.085786,0.912141,0.800638
0.01,0.1,8,greedy_cover,94,0.185185,0.518424,81.275935,7.704167,2.046319;25.748654;53.480961,0.907348,0.805423
0.01,0.1,8,ilp_optimal,89,0.159098,0.475359,70.357269,7.704167,2.555708;29.715774;38.085786,0.912141,0.800638
0.01,0.1,9,greedy_cover,94,0.185185,0.518424,81.275935,7.704167,2.046319;25.748654;53.480961,0.907348,0.805423
0.01,0.1,9,ilp_optimal,89,0.159098,0.475359,70.357269,7.704167,2.555708;29.715774;38.085786,0.912141,0.800638
0.01,0.1,10,greedy_cover,94,0.185185,0.518424,81.275935,7.704167,2.046319;25.748654;53.480961,0.907348,0.805423
0.01,0.1,10,ilp_optimal,89,0.159098,0.475359,70.357269,7.704167,2.555708;29.715774;38.085786,0.912141,0.800638
0.02,0.005,4,greedy_cover,101,0.208393,0.508245,90.602189,7.704167,9.365421;24.833444;56.403324,0.918530,0.814992
0.02,0.005,4,ilp_optimal,102,0.157417,0.438014,94.334107,7.704167,9.692423;28.238361;56.403324,0.913738,0.808612
0.02,0.005,5,greedy_cover,101,0.208393,0.508245,90.602189,7.704167,9.365421;24.833444;56.403324,0.918530,0.814992
0.02,0.005,5,ilp_optimal,102,0.157417,0.438014,94.334107,7.704167,9.692423;28.238361;56.403324,0.913738,0.808612
0.02,0.005,6,greedy_cover,101,0.208393,0.508245,90.602189,7.704167,9.365421;24.833444;56.403324,0.918530,0.814992
0.02,0.005,6,ilp_optimal,102,0.157417,0.438014,94.334107,7.704167,9.692423;28.238361;56.403324,0.913738,0.808612
0.02,0.005,7,greedy_cover,101,0.208393,0.508245,90.602189,7.704167,9.365421;24.833444;56.403324,0.918530,0.814992
0.02,0.005,7,ilp_optimal,102,0.157417,0.438014,94.334107,7.704167,9.692423;28.238361;56.403324,0.913738,0.808612
0.02,0.005,8,greedy_cover,101,0.208393,0.508245,90.602189,7.704167,9.365421;24.833444;56.403324,0.918530,0.814992
0.02,0.005,8,ilp_optimal,102,0.157417,0.438014,94.334107,7.704167,9.692423;28.238361;56.403324,0.913738,0.808612
0.02,0.005,9,greedy_cover,101,0.208393,0.508245,90.602189,7.704167,9.365421;24.833444;56.403324,0.918530,0.814992
0.02,0.005,9,ilp_optimal,102,0.157417,0.438014,94.334107,7.704167,9.692423;28.238361;56.403324,0.913738,0.808612
0.02,0.005,10,greedy_cover,101,0.208393,0.508245,90.602189,7.704167,9.365421;24.833444;56.403324,0.918530,0.814992
0.02,0.005,10,ilp_optimal,102,0.157417,0.438014,94.334107,7.704167,9.692423;28.238361;56.403324,0.913738,0.808612
0.02,0.01,4,greedy_cover,102,0.209693,0.510959,91.388898,7.704167,9.365421;25.531430;56.492047,0.918530,0.826156
0.02,0.01,4,ilp_optimal,102,0.158348,0.441469,94.987785,7.704167,9.692423;28.803315;56.492047,0.913738,0.814992
0.02,0.01,5,greedy_cover,102,0.209693,0.510959,91.388898,7.704167,9.365421;25.531430;56.492047,0.918530,0.826156
0.02,0.01,5,ilp_optimal,102,0.158348,0.441469,94.987785,7.704167,9.692423;28.803315;56.492047,0.913738,0.814992
0.02,0.01,6,greedy_cover,102,0.209693,0.510959,91.388898,7.704167,9.365421;25.531430;56.492047,0.918530,0.826156
0.02,0.01,6,ilp_optimal,102,0.158348,0.441469,94.987785,7.704167,9.692423;28.803315;56.492047,0.913738,0.814992
0.02,0.01,7,greedy_cover,102,0.209693,0.510959,91.388898,7.704167,9.365421;25.531430;56.492047,0.918530,0.826156
0.02,0.01,7,ilp_optimal,102,0.158348,0.441469,94.987785,7.704167,9.692423;28.803315;56.492047,0.913738,0.814992
0.02,0.01,8,greedy_cover,102,0.209693,0.510959,91.388898,7.704167,9.365421;25.531430;56.492047,0.918530,0.826156
0.02,0.01,8,ilp_optimal,102,0.158348,0.441469,94.987785,7.704167,9.692423;28.803315;56.492047,0.913738,0.814992
0.02,0.01,9,greedy_cover,102,0.209693,0.510959,91.388898,7.704167,9.365421;25.531430;56.492047,0.918530,0.826156
0.02,0.01,9,ilp_optimal,102,0.158348,0.441469,94.987785,7.704167,9.692423;28.803315;56.492047,0.913738,0.814992
0.02,0.01,10,greedy_cover,102,0.209693,0.510959,91.388898,7.704167,9.365421;25.531430;56.492047,0.918530,0.826156
0.02,0.01,10,ilp_optimal,102,0.158348,0.441469,94.987785,7.704167,9.692423;28.803315;56.492047,0.913738,0.814992
0.02,0.02,4,greedy_cover,101,0.208884,0.510026,90.922239,7.704167,9.365421;24.764838;56.791980,0.918530,0.822967
0.02,0.02,4,ilp_optimal,102,0.157841,0.439439,94.654157,7.704167,9.692423;28.169754;56.791980,0.913738,0.816587
0.02,0.02,5,greedy_cover,101,0.208884,0.510026,90.922239,7.704167,9.365421;24.764838;56.791980,0.918530,0.822967
0.02,0.02,5,ilp_optimal,102,0.157841,0.439439,94.654157,7.704167,9.692423;28.169754;56.791980,0.913738,0.816587
0.02,0.02,6,greedy_cover,101,0.208884,0.510026,90.922239,7.704167,9.365421;24.764838;56.791980,0.918530,0.822967
0.02,0.02,6,ilp_optimal,102,0.157841,0.439439,94.654157,7.704167,9.692423;28.169754;56.791980,0.913738,0.816587
0.02,0.02,7,greedy_cover,101,0.208884,0.510026,90.922239,7.704167,9.365421;24.764838;56.791980,0.918530,0.822967
0.02,0.02,7,ilp_optimal,102,0.157841,0.439439,94.654157,7.704167,9.692423;28.169754;56.791980,0.913738,0.816587
0.02,0.02,8,greedy_cover,101,0.208884,0.510026,90.922239,7.704167,9.365421;24.764838;56.791980,0.918530,0.822967
0.02,0.02,8,ilp_optimal,102,0.157841,0.439439,94.654157,7.704167,9.692423;28.169754;56.791980,0.913738,0.816587
0.02,0.02,9,greedy_cover,101,0.208884,0.510026,90.922239,7.704167,9.365421;24.764838;56.791980,0.918530,0.822967
0.02,0.02,9,ilp_optimal,102,0.157841,0.439439,94.654157,7.704167,9.692423;28.169754;56.791980,0.913738,0.816587
0.02,0.02,10,greedy_cover,101,0.208884,0.510026,90.922239,7.704167,9.365421;24.764838;56.791980,0.918530,0.822967
0.02,0.02,10,ilp_optimal,102,0.157841,0.439439,94.654157,7.704167,9.692423;28.169754;56.791980,0.913738,0.816587
0.02,0.05,4,greedy_cover,102,0.209931,0.510820,91.811474,7.704167,9.365421;25.855187;56.590865,0.918530,0.826156
0.02,0.05,4,ilp_optimal,102,0.158407,0.441518,95.303827,7.704167,9.692423;29.020539;56.590865,0.913738,0.814992
0.02,0.05,5,greedy_cover,102,0.209931,0.510820,91.811474,7.704167,9.365421;25.855187;56.590865,0.918530,0.826156
0.02,0.05,5,ilp_optimal,102,0.158407,0.441518,95.303827,7.704167,9.692423;29.020539;56.590865,0.913738,0.814992
0.02,0.05,6,greedy_cover,102,0.209931,0.510820,91.811474,7.704167,9.365421;25.855187;56.590865,0.918530,0.826156
0.02,0.05,6,ilp_optimal,102,0.158407,0.441518,95.303827,7.704167,9.692423;29.020539;56.590865,0.913738,0.814992
0.02,0.05,7,greedy_cover,102,0.209931,0.510820,91.811474,7.704167,9.365421;25.855187;56.590865,0.918530,0.826156
0.02,0.05,7,ilp_optimal,102,0.158407,0.441518,95.303827,7.704167,9.692423;29.020539;56.590865,0.913738,0.814992
0.02,0.05,8,greedy_cover,102,0.209931,0.510820,91.811474,7.704167,9.365421;25.855187;56.590865,0.918530,0.826156
0.02,0.05,8,ilp_optimal,102,0.158407,0.441518,95.303827,7.704167,9.692423;29.020539;56.590865,0.913738,0.814992
0.02,0.05,9,greedy_cover,102,0.209931,0.510820,91.811474,7.704167,9.365421;25.855187;56.590865,0.918530,0.826156
0.02,0.05,9,ilp_optimal,102,0.158407,0.441518,95.303827,7.704167,9.692423;29.020539;56.590865,0.913738,0.814992
0.02,0.05,10,greedy_cover,102,0.209931,0.510820,91.811474,7.704167,9.365421;25.855187;56.590865,0.918530,0.826156
0.02,0.05,10,ilp_optimal,102,0.158407,0.441518,95.303827,7.704167,9.692423;29.020539;56.590865,0.913738,0.814992
0.02,0.1,4,greedy_cover,94,0.182453,0.510712,80.443457,7.704167,2.046319;25.587372;52.809765,0.907348,0.808612
0.02,0.1,4,ilp_optimal,89,0.156411,0.467377,68.925645,7.704167,2.555708;29.554492;36.815445,0.912141,0.800638
0.02,0.1,5,greedy_cover,94,0.182453,0.510712,80.443457,7.704167,2.046319;25.587372;52.809765,0.907348,0.808612
0.02,0.1,5,ilp_optimal,89,0.156411,0.467377,68.925645,7.704167,2.555708;29.554492;36.815445,0.912141,0.800638
0.02,0.1,6,greedy_cover,94,0.182453,0.510712,80.443457,7.704167,2.046319;25.587372;52.809765,0.907348,0.808612
0.02,0.1,6,ilp_optimal,89,0.156411,0.467377,68.925645,7.704167,2.555708;29.554492;36.815445,0.912141,0.800638
0.02,0.1,7,greedy_cover,94,0.182453,0.510712,80.443457,7.704167,2.046319;25.587372;52.809765,0.907348,0.808612
0.02,0.1,7,ilp_optimal,89,0.156411,0.467377,68.925645,7.704167,2.555708;29.554492;36.815445,0.912141,0.800638
0.02,0.1,8,greedy_cover,94,0.182453,0.510712,80.443457,7.704167,2.046319;25.587372;52.809765,0.907348,0.808612
0.02,0.1,8,ilp_optimal,89,0.156411,0.467377,68.925645,7.704167,2.555708;29.554492;36.815445,0.912141,0.800638
0.02,0.1,9,greedy_cover,94,0.182453,0.510712,80.443457,7.704167,2.046319;25.587372;52.809765,0.907348,0.808612
0.02,0.1,9,ilp_optimal,89,0.156411,0.467377,68.925645,7.704167,2.555708;29.554492;36.815445,0.912141,0.800638
0.02,0.1,10,greedy_cover,94,0.182453,0.510712,80.443457,7.704167,2.046319;25.587372;52.809765,0.907348,0.808612
0.02,0.1,10,ilp_optimal,89,0.156411,0.467377,68.925645,7.704167,2.555708;29.554492;36.815445,0.912141,0.800638
0.05,0.005,4,greedy_cover,96,0.232895,0.556334,85.661769,7.704167,2.228707;26.641083;56.791980,0.912141,0.819777
0.05,0.005,4,ilp_optimal,97,0.221476,0.662139,87.322453,7.704167,2.555708;27.974764;56.791980,0.910543,0.805423
0.05,0.005,5,greedy_cover,96,0.232895,0.556334,85.661769,7.704167,2.228707;26.641083;56.791980,0.912141,0.819777
0.05,0.005,5,ilp_optimal,97,0.221476,0.662139,87.322453,7.704167,2.555708;27.974764;56.791980,0.910543,0.805423
0.05,0.005,6,greedy_cover,96,0.232895,0.556334,85.661769,7.704167,2.228707;26.641083;56.791980,0.912141,0.819777
0.05,0.005,6,ilp_optimal,97,0.221476,0.662139,87.322453,7.704167,2.555708;27.974764;56.791980,0.910543,0.805423
0.05,0.005,7,greedy_cover,96,0.232895,0.556334,85.661769,7.704167,2.228707;26.641083;56.791980,0.912141,0.819777
0.05,0.005,7,ilp_optimal,97,0.221476,0.662139,87.322453,7.704167,2.555708;27.974764;56.791980,0.910543,0.805423
0.05,0.005,8,greedy_cover,96,0.232895,0.556334,85.661769,7.704167,2.228707;26.641083;56.791980,0.912141,0.819777
0.05,0.005,8,ilp_optimal,97,0.221476,0.662139,87.322453,7.704167,2.555708;27.974764;56.791980,0.910543,0.805423
0.05,0.005,9,greedy_cover,96,0.232895,0.556334,85.661769,7.704167,2.228707;26.641083;56.791980,0.912141,0.819777
0.05,0.005,9,ilp_optimal,97,0.221476,0.662139,87.322453,7.704167,2.555708;27.974764;56.791980,0.910543,0.805423
0.05,0.005,10,greedy_cover,96,0.232895,0.556334,85.661769,7.704167,2.228707;26.641083;56.791980,0.912141,0.819777
0.05,0.005,10,ilp_optimal,97,0.221476,0.662139,87.322453,7.704167,2.555708;27.974764;56.791980,0.910543,0.805423
0.05,0.01,4,greedy_cover,96,0.232120,0.554188,85.426676,7.704167,2.228707;26.641083;56.556886,0.912141,0.819777
0.05,0.01,4,ilp_optimal,97,0.219501,0.656215,87.087359,7.704167,2.555708;27.974764;56.556886,0.910543,0.805423
0.05,0.01,5,greedy_cover,96,0.232120,0.554188,85.426676,7.704167,2.228707;26.641083;56.556886,0.912141,0.819777
0.05,0.01,5,ilp_optimal,97,0.219501,0.656215,87.087359,7.704167,2.555708;27.974764;56.556886,0.910543,0.805423
0.05,0.01,6,greedy_cover,96,0.232120,0.554188,85.426676,7.704167,2.228707;26.641083;56.556886,0.912141,0.819777
0.05,0.01,6,ilp_optimal,97,0.219501,0.656215,87.087359,7.704167,2.555708;27.974764;56.556886,0.910543,0.805423
0.05,0.01,7,greedy_cover,96,0.232120,0.554188,85.426676,7.704167,2.228707;26.641083;56.556886,0.912141,0.819777
0.05,0.01,7,ilp_optimal,97,0.219501,0.656215,87.087359,7.704167,2.555708;27.974764;56.556886,0.910543,0.805423
0.05,0.01,8,greedy_cover,96,0.232120,0.554188,85.426676,7.704167,2.228707;26.641083;56.556886,0.912141,0.819777
0.05,0.01,8,ilp_optimal,97,0.219501,0.656215,87.087359,7.704167,2.555708;27.974764;56.556886,0.910543,0.805423
0.05,0.01,9,greedy_cover,96,0.232120,0.554188,85.426676,7.704167,2.228707;26.641083;56.556886,0.912141,0.819777
0.05,0.01,9,ilp_optimal,97,0.219501,0.656215,87.087359,7.704167,2.555708;27.974764;56.556886,0.910543,0.805423
0.05,0.01,10,greedy_cover,96,0.232120,0.554188,85.426676,7.704167,2.228707;26.641083;56.556886,0.912141,0.819777
0.05,0.01,10,ilp_optimal,97,0.219501,0.656215,87.087359,7.704167,2.555708;27.974764;56.556886,0.910543,0.805423
0.05,0.02,4,greedy_cover,96,0.233012,0.556363,85.829194,7.704167,2.228707;26.709689;56.890798,0.912141,0.819777
0.05,0.02,4,ilp_optimal,94,0.123449,0.368217,85.960575,7.704167,2.555708;26.514068;56.890798,0.912141,0.805423
0.05,0.02,5,greedy_cover,96,0.233012,0.556363,85.829194,7.704167,2.228707;26.709689;56.890798,0.912141,0.819777
0.05,0.02,5,ilp_optimal,94,0.123449,0.368217,85.960575,7.704167,2.555708;26.514068;56.890798,0.912141,0.805423
0.05,0.02,6,greedy_cover,96,0.233012,0.556363,85.829194,7.704167,2.228707;26.709689;56.890798,0.912141,0.819777
0.05,0.02,6,ilp_optimal,94,0.123449,0.368217,85.960575,7.704167,2.555708;26.514068;56.890798,0.912141,0.805423
0.05,0.02,7,greedy_cover,96,0.233012,0.556363,85.829194,7.704167,2.228707;26.709689;56.890798,0.912141,0.819777
0.05,0.02,7,ilp_optimal,94,0.123449,0.368217,85.960575,7.704167,2.555708;26.514068;56.890798,0.912141,0.805423
0.05,0.02,8,greedy_cover,96,0.233012,0.556363,85.829194,7.704167,2.228707;26.709689;56.890798,0.912141,0.819777
0.05,0.02,8,ilp_optimal,94,0.123449,0.368217,85.960575,7.704167,2.555708;26.514068;56.890798,0.912141,0.805423
0.05,0.02,9,greedy_cover,96,0.233012,0.556363,85.829194,7.704167,2.228707;26.709689;56.890798,0.912141,0.819777
0.05,0.02,9,ilp_optimal,94,0.123449,0.368217,85.960575,7.704167,2.555708;26.514068;56.890798,0.912141,0.805423
0.05,0.02,10,greedy_cover,96,0.233012,0.556363,85.829194,7.704167,2.228707;26.709689;56.890798,0.912141,0.819777
0.05,0.02,10,ilp_optimal,94,0.123449,0.368217,85.960575,7.704167,2.555708;26.514068;56.890798,0.912141,0.805423
0.05,0.05,4,greedy_cover,88,0.216680,0.498904,83.518351,7.704167,2.228707;24.493824;56.795820,0.905751,0.803828
0.05,0.05,4,ilp_optimal,90,0.101465,0.301941,87.441562,7.704167,2.555708;28.090033;56.795820,0.912141,0.795853
0.05,0.05,5,greedy_cover,88,0.216680,0.498904,83.518351,7.704167,2.228707;24.493824;56.795820,0.905751,0.803828
0.05,0.05,5,ilp_optimal,90,0.101465,0.301941,87.441562,7.704167,2.555708;28.090033;56.795820,0.912141,0.795853
0.05,0.05,6,greedy_cover,88,0.216680,0.498904,83.518351,7.704167,2.228707;24.493824;56.795820,0.905751,0.803828
0.05,0.05,6,ilp_optimal,90,0.101465,0.301941,87.441562,7.704167,2.555708;28.090033;56.795820,0.912141,0.795853
0.05,0.05,7,greedy_cover,88,0.216680,0.498904,83.518351,7.704167,2.228707;24.493824;56.795820,0.905751,0.803828
0.05,0.05,7,ilp_optimal,90,0.101465,0.301941,87.441562,7.704167,2.555708;28.090033;56.795820,0.912141,0.795853
0.05,0.05,8,greedy_cover,88,0.216680,0.498904,83.518351,7.704167,2.228707;24.493824;56.795820,0.905751,0.803828
0.05,0.05,8,ilp_optimal,90,0.101465,0.301941,87.441562,7.704167,2.555708;28.090033;56.795820,0.912141,0.795853
0.05,0.05,9,greedy_cover,88,0.216680,0.498904,83.518351,7.704167,2.228707;24.493824;56.795820,0.905751,0.803828
0.05,0.05,9,ilp_optimal,90,0.101465,0.301941,87.441562,7.704167,2.555708;28.090033;56.795820,0.912141,0.795853
0.05,0.05,10,greedy_cover,88,0.216680,0.498904,83.518351,7.704167,2.228707;24.493824;56.795820,0.905751,0.803828
0.05,0.05,10,ilp_optimal,90,0.101465,0.301941,87.441562,7.704167,2.555708;28.090033;56.795820,0.912141,0.795853
0.05,0.1,4,greedy_cover,89,0.198561,0.550204,75.400490,7.704167,2.046319;23.798589;49.555582,0.891374,0.795853
0.05,0.1,4,ilp_optimal,87,0.093604,0.278495,63.905599,7.704167,2.555708;24.794160;36.555730,0.902556,0.778309
0.05,0.1,5,greedy_cover,89,0.198561,0.550204,75.400490,7.704167,2.046319;23.798589;49.555582,0.891374,0.795853
0.05,0.1,5,ilp_optimal,87,0.093604,0.278495,63.905599,7.704167,2.555708;24.794160;36.555730,0.902556,0.778309
0.05,0.1,6,greedy_cover,89,0.198561,0.550204,75.400490,7.704167,2.046319;23.798589;49.555582,0.891374,0.795853
0.05,0.1,6,ilp_optimal,87,0.093604,0.278495,63.905599,7.704167,2.555708;24.794160;36.555730,0.902556,0.778309
0.05,0.1,7,greedy_cover,89,0.198561,0.550204,75.400490,7.704167,2.046319;23.798589;49.555582,0.891374,0.795853
0.05,0.1,7,ilp_optimal,87,0.093604,0.278495,63.905599,7.704167,2.555708;24.794160;36.555730,0.902556,0.778309
0.05,0.1,8,greedy_cover,89,0.198561,0.550204,75.400490,7.704167,2.046319;23.798589;49.555582,0.891374,0.795853
0.05,0.1,8,ilp_optimal,87,0.093604,0.278495,63.905599,7.704167,2.555708;24.794160;36.555730,0.902556,0.778309
0.05,0.1,9,greedy_cover,89,0.198561,0.550204,75.400490,7.704167,2.046319;23.798589;49.555582,0.891374,0.795853
0.05,0.1,9,ilp_optimal,87,0.093604,0.278495,63.905599,7.704167,2.555708;24.794160;36.555730,0.902556,0.778309
0.05,0.1,10,greedy_cover,89,0.198561,0.550204,75.400490,7.704167,2.046319;23.798589;49.555582,0.891374,0.795853
0.05,0.1,10,ilp_optimal,87,0.093604,0.278495,63.905599,7.704167,2.555708;24.794160;36.555730,0.902556,0.778309
0.1,0.005,4,greedy_cover,104,0.199834,0.463717,82.894524,7.704167,2.228707;20.643507;60.022309,0.897764,0.799043
0.1,0.005,4,ilp_optimal,103,0.116769,0.347907,81.370730,7.704167,2.555708;18.792713;60.022309,0.897764,0.792663
0.1,0.005,5,greedy_cover,104,0.199834,0.463717,82.894524,7.704167,2.228707;20.643507;60.022309,0.897764,0.799043
0.1,0.005,5,ilp_optimal,103,0.116769,0.347907,81.370730,7.704167,2.555708;18.792713;60.022309,0.897764,0.792663
0.1,0.005,6,greedy_cover,104,0.199834,0.463717,82.894524,7.704167,2.228707;20.643507;60.022309,0.897764,0.799043
0.1,0.005,6,ilp_optimal,103,0.116769,0.347907,81.370730,7.704167,2.555708;18.792713;60.022309,0.897764,0.792663
0.1,0.005,7,greedy_cover,104,0.199834,0.463717,82.894524,7.704167,2.228707;20.643507;60.022309,0.897764,0.799043
0.1,0.005,7,ilp_optimal,103,0.116769,0.347907,81.370730,7.704167,2.555708;18.792713;60.022309,0.897764,0.792663
0.1,0.005,8,greedy_cover,104,0.199834,0.463717,82.894524,7.704167,2.228707;20.643507;60.022309,0.897764,0.799043
0.1,0.005,8,ilp_optimal,103,0.116769,0.347907,81.370730,7.704167,2.555708;18.792713;60.022309,0.897764,0.792663
0.1,0.005,9,greedy_cover,104,0.199834,0.463717,82.894524,7.704167,2.228707;20.643507;60.022309,0.897764,0.799043
0.1,0.005,9,ilp_optimal,103,0.116769,0.347907,81.370730,7.704167,2.555708;18.792713;60.022309,0.897764,0.792663
0.1,0.005,10,greedy_cover,104,0.199834,0.463717,82.894524,7.704167,2.228707;20.643507;60.022309,0.897764,0.799043
0.1,0.005,10,ilp_optimal,103,0.116769,0.347907,81.370730,7.704167,2.555708;18.792713;60.022309,0.897764,0.792663
0.1,0.01,4,greedy_cover,104,0.199813,0.463689,83.082065,7.704167,2.228707;20.643507;60.209851,0.897764,0.800638
0.1,0.01,4,ilp_optimal,103,0.116744,0.347833,81.558272,7.704167,2.555708;18.792713;60.209851,0.897764,0.794258
0.1,0.01,5,greedy_cover,104,0.199813,0.463689,83.082065,7.704167,2.228707;20.643507;60.209851,0.897764,0.800638
0.1,0.01,5,ilp_optimal,103,0.116744,0.347833,81.558272,7.704167,2.555708;18.792713;60.209851,0.897764,0.794258
0.1,0.01,6,greedy_cover,104,0.199813,0.463689,83.082065,7.704167,2.228707;20.643507;60.209851,0.897764,0.800638
0.1,0.01,6,ilp_optimal,103,0.116744,0.347833,81.558272,7.704167,2.555708;18.792713;60.209851,0.897764,0.794258
0.1,0.01,7,greedy_cover,104,0.199813,0.463689,83.082065,7.704167,2.228707;20.643507;60.209851,0.897764,0.800638
0.1,0.01,7,ilp_optimal,103,0.116744,0.347833,81.558272,7.704167,2.555708;18.792713;60.209851,0.897764,0.794258
0.1,0.01,8,greedy_cover,104,0.199813,0.463689,83.082065,7.704167,2.228707;20.643507;60.209851,0.897764,0.800638
0.1,0.01,8,ilp_optimal,103,0.116744,0.347833,81.558272,7.704167,2.555708;18.792713;60.209851,0.897764,0.794258
0.1,0.01,9,greedy_cover,104,0.199813,0.463689,83.082065,7.704167,2.228707;20.643507;60.209851,0.897764,0.800638
0.1,0.01,9,ilp_optimal,103,0.116744,0.347833,81.558272,7.704167,2.555708;18.792713;60.209851,0.897764,0.794258
0.1,0.01,10,greedy_cover,104,0.199813,0.463689,83.082065,7.704167,2.228707;20.643507;60.209851,0.897764,0.800638
0.1,0.01,10,ilp_optimal,103,0.116744,0.347833,81.558272,7.704167,2.555708;18.792713;60.209851,0.897764,0.794258
0.1,0.02,4,greedy_cover,104,0.201839,0.468474,79.168221,7.704167,2.228707;20.643507;56.296007,0.894569,0.797448
0.1,0.02,4,ilp_optimal,101,0.115895,0.345261,80.129282,7.704167,2.555708;18.792713;58.780862,0.896166,0.791069
0.1,0.02,5,greedy_cover,104,0.201839,0.468474,79.168221,7.704167,2.228707;20.643507;56.296007,0.894569,0.797448
0.1,0.02,5,ilp_optimal,101,0.115895,0.345261,80.129282,7.704167,2.555708;18.792713;58.780862,0.896166,0.791069
0.1,0.02,6,greedy_cover,104,0.201839,0.468474,79.168221,7.704167,2.228707;20.643507;56.296007,0.894569,0.797448
0.1,0.02,6,ilp_optimal,101,0.115895,0.345261,80.129282,7.704167,2.555708;18.792713;58.780862,0.896166,0.791069
0.1,0.02,7,greedy_cover,104,0.201839,0.468474,79.168221,7.704167,2.228707;20.643507;56.296007,0.894569,0.797448
0.1,0.02,7,ilp_optimal,101,0.115895,0.345261,80.129282,7.704167,2.555708;18.792713;58.780862,0.896166,0.791069
0.1,0.02,8,greedy_cover,104,0.201839,0.468474,79.168221,7.704167,2.228707;20.643507;56.296007,0.894569,0.797448
0.1,0.02,8,ilp_optimal,101,0.115895,0.345261,80.129282,7.704167,2.555708;18.792713;58.780862,0.896166,0.791069
0.1,0.02,9,greedy_cover,104,0.201839,0.468474,79.168221,7.704167,2.228707;20.643507;56.296007,0.894569,0.797448
0.1,0.02,9,ilp_optimal,101,0.115895,0.345261,80.129282,7.704167,2.555708;18.792713;58.780862,0.896166,0.791069
0.1,0.02,10,greedy_cover,104,0.201839,0.468474,79.168221,7.704167,2.228707;20.643507;56.296007,0.894569,0.797448
0.1,0.02,10,ilp_optimal,101,0.115895,0.345261,80.129282,7.704167,2.555708;18.792713;58.780862,0.896166,0.791069
0.1,0.05,4,greedy_cover,105,0.269989,0.647571,89.692776,7.704167,2.228707;23.798589;63.665481,0.889776,0.803828
0.1,0.05,4,ilp_optimal,98,0.172538,0.515977,84.585476,7.704167,2.555708;26.772513;55.257255,0.905751,0.802233
0.1,0.05,5,greedy_cover,105,0.269989,0.647571,89.692776,7.704167,2.228707;23.798589;63.665481,0.889776,0.803828
0.1,0.05,5,ilp_optimal,98,0.172538,0.515977,84.585476,7.704167,2.555708;26.772513;55.257255,0.905751,0.802233
0.1,0.05,6,greedy_cover,105,0.269989,0.647571,89.692776,7.704167,2.228707;23.798589;63.665481,0.889776,0.803828
0.1,0.05,6,ilp_optimal,98,0.172538,0.515977,84.585476,7.704167,2.555708;26.772513;55.257255,0.905751,0.802233
0.1,0.05,7,greedy_cover,105,0.269989,0.647571,89.692776,7.704167,2.228707;23.798589;63.665481,0.889776,0.803828
0.1,0.05,7,ilp_optimal,98,0.172538,0.515977,84.585476,7.704167,2.555708;26.772513;55.257255,0.905751,0.802233
0.1,0.05,8,greedy_cover,105,0.269989,0.647571,89.692776,7.704167,2.228707;23.798589;63.665481,0.889776,0.803828
0.1,0.05,8,ilp_optimal,98,0.172538,0.515977,84.585476,7.704167,2.555708;26.772513;55.257255,0.905751,0.802233
0.1,0.05,9,greedy_cover,105,0.269989,0.647571,89.692776,7.704167,2.228707;23.798589;63.665481,0.889776,0.803828
0.1,0.05,9,ilp_optimal,98,0.172538,0.515977,84.585476,7.704167,2.555708;26.772513;55.257255,0.905751,0.802233
0.1,0.05,10,greedy_cover,105,0.269989,0.647571,89.692776,7.704167,2.228707;23.798589;63.665481,0.889776,0.803828
0.1,0.05,10,ilp_optimal,98,0.172538,0.515977,84.585476,7.704167,2.555708;26.772513;55.257255,0.905751,0.802233
0.1,0.1,4,greedy_cover,81,0.158337,0.425419,71.274916,7.704167,2.046319;16.223850;53.004747,0.881789,0.799043
0.1,0.1,4,ilp_optimal,92,0.194789,0.582929,83.487834,7.704167,2.555708;27.927379;53.004747,0.897764,0.802233
0.1,0.1,5,greedy_cover,81,0.158337,0.425419,71.274916,7.704167,2.046319;16.223850;53.004747,0.881789,0.799043
0.1,0.1,5,ilp_optimal,92,0.194789,0.582929,83.487834,7.704167,2.555708;27.927379;53.004747,0.897764,0.802233
0.1,0.1,6,greedy_cover,81,0.158337,0.425419,71.274916,7.704167,2.046319;16.223850;53.004747,0.881789,0.799043
0.1,0.1,6,ilp_optimal,92,0.194789,0.582929,83.487834,7.704167,2.555708;27.927379;53.004747,0.897764,0.802233
0.1,0.1,7,greedy_cover,81,0.158337,0.425419,71.274916,7.704167,2.046319;16.223850;53.004747,0.881789,0.799043
0.1,0.1,7,ilp_optimal,92,0.194789,0.582929,83.487834,7.704167,2.555708;27.927379;53.004747,0.897764,0.802233
0.1,0.1,8,greedy_cover,81,0.158337,0.425419,71.274916,7.704167,2.046319;16.223850;53.004747,0.881789,0.799043
0.1,0.1,8,ilp_optimal,92,0.194789,0.582929,83.487834,7.704167,2.555708;27.927379;53.004747,0.897764,0.802233
0.1,0.1,9,greedy_cover,81,0.158337,0.425419,71.274916,7.704167,2.046319;16.223850;53.004747,0.881789,0.799043
0.1,0.1,9,ilp_optimal,92,0.194789,0.582929,83.487834,7.704167,2.555708;27.927379;53.004747,0.897764,0.802233
0.1,0.1,10,greedy_cover,81,0.158337,0.425419,71.274916,7.704167,2.046319;16.223850;53.004747,0.881789,0.799043
0.1,0.1,10,ilp_optimal,92,0.194789,0.582929,83.487834,7.704167,2.555708;27.927379;53.004747,0.897764,0.802233
